BFS_NR,GEBIET_NAME,THEMA_NAME,SET_NAME,SUBSET_NAME,INDIKATOR_ID,INDIKATOR_NAME,INDIKATOR_JAHR,INDIKATOR_VALUE,EINHEIT_KURZ,EINHEIT_LANG
0,Bezirk Affoltern,Bau und Immobilien,"Wohnungen, Wohnbautätigkeit",Wohnungsbestand,140,Wohnungsbestand [Whg.],1990,13643,Whg.,Anzahl Wohnungen
0,Bezirk Affoltern,Bau und Immobilien,"Wohnungen, Wohnbautätigkeit",Wohnungsbestand,140,Wohnungsbestand [Whg.],1991,13960,Whg.,Anzahl Wohnungen
0,Bezirk Affoltern,Bau und Immobilien,"Wohnungen, Wohnbautätigkeit",Wohnungsbestand,140,Wohnungsbestand [Whg.],1992,14247,Whg.,Anzahl Wohnungen
0,Bezirk Affoltern,Bau und Immobilien,"Wohnungen, Wohnbautätigkeit",Wohnungsbestand,140,Wohnungsbestand [Whg.],1993,14739,Whg.,Anzahl Wohnungen
0,Bezirk Affoltern,Bau und Immobilien,"Wohnungen, Wohnbautätigkeit",Wohnungsbestand,140,Wohnungsbestand [Whg.],1994,15155,Whg.,Anzahl Wohnungen
0,Bezirk Affoltern,Bau und Immobilien,"Wohnungen, Wohnbautätigkeit",Wohnungsbestand,140,Wohnungsbestand [Whg.],1995,15742,Whg.,Anzahl Wohnungen
0,Bezirk Affoltern,Bau und Immobilien,"Wohnungen, Wohnbautätigkeit",Wohnungsbestand,140,Wohnungsbestand [Whg.],1996,16144,Whg.,Anzahl Wohnungen
0,Bezirk Affoltern,Bau und Immobilien,"Wohnungen, Wohnbautätigkeit",Wohnungsbestand,140,Wohnungsbestand [Whg.],1997,16365,Whg.,Anzahl Wohnungen
0,Bezirk Affoltern,Bau und Immobilien,"Wohnungen, Wohnbautätigkeit",Wohnungsbestand,140,Wohnungsbestand [Whg.],1998,16628,Whg.,Anzahl Wohnungen
0,Bezirk Affoltern,Bau und Immobilien,"Wohnungen, Wohnbautätigkeit",Wohnungsbestand,140,Wohnungsbestand [Whg.],1999,17011,Whg.,Anzahl Wohnungen
0,Bezirk Affoltern,Bau und Immobilien,"Wohnungen, Wohnbautätigkeit",Wohnungsbestand,140,Wohnungsbestand [Whg.],2000,17459,Whg.,Anzahl Wohnungen
0,Bezirk Affoltern,Bau und Immobilien,"Wohnungen, Wohnbautätigkeit",Wohnungsbestand,140,Wohnungsbestand [Whg.],2001,17700,Whg.,Anzahl Wohnungen
0,Bezirk Affoltern,Bau und Immobilien,"Wohnungen, Wohnbautätigkeit",Wohnungsbestand,140,Wohnungsbestand [Whg.],2002,17942,Whg.,Anzahl Wohnungen
0,Bezirk Affoltern,Bau und Immobilien,"Wohnungen, Wohnbautätigkeit",Wohnungsbestand,140,Wohnungsbestand [Whg.],2003,18202,Whg.,Anzahl Wohnungen
0,Bezirk Affoltern,Bau und Immobilien,"Wohnungen, Wohnbautätigkeit",Wohnungsbestand,140,Wohnungsbestand [Whg.],2004,18474,Whg.,Anzahl Wohnungen
0,Bezirk Affoltern,Bau und Immobilien,"Wohnungen, Wohnbautätigkeit",Wohnungsbestand,140,Wohnungsbestand [Whg.],2005,18963,Whg.,Anzahl Wohnungen
0,Bezirk Affoltern,Bau und Immobilien,"Wohnungen, Wohnbautätigkeit",Wohnungsbestand,140,Wohnungsbestand [Whg.],2006,19227,Whg.,Anzahl Wohnungen
0,Bezirk Affoltern,Bau und Immobilien,"Wohnungen, Wohnbautätigkeit",Wohnungsbestand,140,Wohnungsbestand [Whg.],2007,19571,Whg.,Anzahl Wohnungen
0,Bezirk Affoltern,Bau und Immobilien,"Wohnungen, Wohnbautätigkeit",Wohnungsbestand,140,Wohnungsbestand [Whg.],2008,20073,Whg.,Anzahl Wohnungen
0,Bezirk Affoltern,Bau und Immobilien,"Wohnungen, Wohnbautätigkeit",Wohnungsbestand,140,Wohnungsbestand [Whg.],2009,20480,Whg.,Anzahl Wohnungen
0,Bezirk Affoltern,Bau und Immobilien,"Wohnungen, Wohnbautätigkeit",Wohnungsbestand,140,Wohnungsbestand [Whg.],2010,21462,Whg.,Anzahl Wohnungen
0,Bezirk Affoltern,Bau und Immobilien,"Wohnungen, Wohnbautätigkeit",Wohnungsbestand,140,Wohnungsbestand [Whg.],2011,21927,Whg.,Anzahl Wohnungen
0,Bezirk Affoltern,Bau und Immobilien,"Wohnungen, Wohnbautätigkeit",Wohnungsbestand,140,Wohnungsbestand [Whg.],2012,22173,Whg.,Anzahl Wohnungen
0,Bezirk Affoltern,Bau und Immobilien,"Wohnungen, Wohnbautätigkeit",Wohnungsbestand,140,Wohnungsbestand [Whg.],2013,22585,Whg.,Anzahl Wohnungen
0,Bezirk Andelfingen,Bau und Immobilien,"Wohnungen, Wohnbautätigkeit",Wohnungsbestand,140,Wohnungsbestand [Whg.],1990,8944,Whg.,Anzahl Wohnungen
0,Bezirk Andelfingen,Bau und Immobilien,"Wohnungen, Wohnbautätigkeit",Wohnungsbestand,140,Wohnungsbestand [Whg.],1991,9104,Whg.,Anzahl Wohnungen
0,Bezirk Andelfingen,Bau und Immobilien,"Wohnungen, Wohnbautätigkeit",Wohnungsbestand,140,Wohnungsbestand [Whg.],1992,9309,Whg.,Anzahl Wohnungen
0,Bezirk Andelfingen,Bau und Immobilien,"Wohnungen, Wohnbautätigkeit",Wohnungsbestand,140,Wohnungsbestand [Whg.],1993,9482,Whg.,Anzahl Wohnungen
0,Bezirk Andelfingen,Bau und Immobilien,"Wohnungen, Wohnbautätigkeit",Wohnungsbestand,140,Wohnungsbestand [Whg.],1994,9818,Whg.,Anzahl Wohnungen
0,Bezirk Andelfingen,Bau und Immobilien,"Wohnungen, Wohnbautätigkeit",Wohnungsbestand,140,Wohnungsbestand [Whg.],1995,10069,Whg.,Anzahl Wohnungen
0,Bezirk Andelfingen,Bau und Immobilien,"Wohnungen, Wohnbautätigkeit",Wohnungsbestand,140,Wohnungsbestand [Whg.],1996,10236,Whg.,Anzahl Wohnungen
0,Bezirk Andelfingen,Bau und Immobilien,"Wohnungen, Wohnbautätigkeit",Wohnungsbestand,140,Wohnungsbestand [Whg.],1997,10474,Whg.,Anzahl Wohnungen
0,Bezirk Andelfingen,Bau und Immobilien,"Wohnungen, Wohnbautätigkeit",Wohnungsbestand,140,Wohnungsbestand [Whg.],1998,10672,Whg.,Anzahl Wohnungen
0,Bezirk Andelfingen,Bau und Immobilien,"Wohnungen, Wohnbautätigkeit",Wohnungsbestand,140,Wohnungsbestand [Whg.],1999,10876,Whg.,Anzahl Wohnungen
0,Bezirk Andelfingen,Bau und Immobilien,"Wohnungen, Wohnbautätigkeit",Wohnungsbestand,140,Wohnungsbestand [Whg.],2000,10910,Whg.,Anzahl Wohnungen
0,Bezirk Andelfingen,Bau und Immobilien,"Wohnungen, Wohnbautätigkeit",Wohnungsbestand,140,Wohnungsbestand [Whg.],2001,11042,Whg.,Anzahl Wohnungen
0,Bezirk Andelfingen,Bau und Immobilien,"Wohnungen, Wohnbautätigkeit",Wohnungsbestand,140,Wohnungsbestand [Whg.],2002,11238,Whg.,Anzahl Wohnungen
0,Bezirk Andelfingen,Bau und Immobilien,"Wohnungen, Wohnbautätigkeit",Wohnungsbestand,140,Wohnungsbestand [Whg.],2003,11418,Whg.,Anzahl Wohnungen
0,Bezirk Andelfingen,Bau und Immobilien,"Wohnungen, Wohnbautätigkeit",Wohnungsbestand,140,Wohnungsbestand [Whg.],2004,11614,Whg.,Anzahl Wohnungen
0,Bezirk Andelfingen,Bau und Immobilien,"Wohnungen, Wohnbautätigkeit",Wohnungsbestand,140,Wohnungsbestand [Whg.],2005,11834,Whg.,Anzahl Wohnungen
0,Bezirk Andelfingen,Bau und Immobilien,"Wohnungen, Wohnbautätigkeit",Wohnungsbestand,140,Wohnungsbestand [Whg.],2006,12029,Whg.,Anzahl Wohnungen
0,Bezirk Andelfingen,Bau und Immobilien,"Wohnungen, Wohnbautätigkeit",Wohnungsbestand,140,Wohnungsbestand [Whg.],2007,12221,Whg.,Anzahl Wohnungen
0,Bezirk Andelfingen,Bau und Immobilien,"Wohnungen, Wohnbautätigkeit",Wohnungsbestand,140,Wohnungsbestand [Whg.],2008,12448,Whg.,Anzahl Wohnungen
0,Bezirk Andelfingen,Bau und Immobilien,"Wohnungen, Wohnbautätigkeit",Wohnungsbestand,140,Wohnungsbestand [Whg.],2009,12670,Whg.,Anzahl Wohnungen
0,Bezirk Andelfingen,Bau und Immobilien,"Wohnungen, Wohnbautätigkeit",Wohnungsbestand,140,Wohnungsbestand [Whg.],2010,13136,Whg.,Anzahl Wohnungen
0,Bezirk Andelfingen,Bau und Immobilien,"Wohnungen, Wohnbautätigkeit",Wohnungsbestand,140,Wohnungsbestand [Whg.],2011,13293,Whg.,Anzahl Wohnungen
0,Bezirk Andelfingen,Bau und Immobilien,"Wohnungen, Wohnbautätigkeit",Wohnungsbestand,140,Wohnungsbestand [Whg.],2012,13477,Whg.,Anzahl Wohnungen
0,Bezirk Andelfingen,Bau und Immobilien,"Wohnungen, Wohnbautätigkeit",Wohnungsbestand,140,Wohnungsbestand [Whg.],2013,13661,Whg.,Anzahl Wohnungen
0,Bezirk Bülach,Bau und Immobilien,"Wohnungen, Wohnbautätigkeit",Wohnungsbestand,140,Wohnungsbestand [Whg.],1990,43058,Whg.,Anzahl Wohnungen
0,Bezirk Bülach,Bau und Immobilien,"Wohnungen, Wohnbautätigkeit",Wohnungsbestand,140,Wohnungsbestand [Whg.],1991,43531,Whg.,Anzahl Wohnungen
0,Bezirk Bülach,Bau und Immobilien,"Wohnungen, Wohnbautätigkeit",Wohnungsbestand,140,Wohnungsbestand [Whg.],1992,44201,Whg.,Anzahl Wohnungen
0,Bezirk Bülach,Bau und Immobilien,"Wohnungen, Wohnbautätigkeit",Wohnungsbestand,140,Wohnungsbestand [Whg.],1993,44752,Whg.,Anzahl Wohnungen
0,Bezirk Bülach,Bau und Immobilien,"Wohnungen, Wohnbautätigkeit",Wohnungsbestand,140,Wohnungsbestand [Whg.],1994,45613,Whg.,Anzahl Wohnungen
0,Bezirk Bülach,Bau und Immobilien,"Wohnungen, Wohnbautätigkeit",Wohnungsbestand,140,Wohnungsbestand [Whg.],1995,47013,Whg.,Anzahl Wohnungen
0,Bezirk Bülach,Bau und Immobilien,"Wohnungen, Wohnbautätigkeit",Wohnungsbestand,140,Wohnungsbestand [Whg.],1996,47886,Whg.,Anzahl Wohnungen
0,Bezirk Bülach,Bau und Immobilien,"Wohnungen, Wohnbautätigkeit",Wohnungsbestand,140,Wohnungsbestand [Whg.],1997,48469,Whg.,Anzahl Wohnungen
0,Bezirk Bülach,Bau und Immobilien,"Wohnungen, Wohnbautätigkeit",Wohnungsbestand,140,Wohnungsbestand [Whg.],1998,49165,Whg.,Anzahl Wohnungen
0,Bezirk Bülach,Bau und Immobilien,"Wohnungen, Wohnbautätigkeit",Wohnungsbestand,140,Wohnungsbestand [Whg.],1999,49708,Whg.,Anzahl Wohnungen
0,Bezirk Bülach,Bau und Immobilien,"Wohnungen, Wohnbautätigkeit",Wohnungsbestand,140,Wohnungsbestand [Whg.],2000,50562,Whg.,Anzahl Wohnungen
0,Bezirk Bülach,Bau und Immobilien,"Wohnungen, Wohnbautätigkeit",Wohnungsbestand,140,Wohnungsbestand [Whg.],2001,51451,Whg.,Anzahl Wohnungen
0,Bezirk Bülach,Bau und Immobilien,"Wohnungen, Wohnbautätigkeit",Wohnungsbestand,140,Wohnungsbestand [Whg.],2002,52395,Whg.,Anzahl Wohnungen
0,Bezirk Bülach,Bau und Immobilien,"Wohnungen, Wohnbautätigkeit",Wohnungsbestand,140,Wohnungsbestand [Whg.],2003,53361,Whg.,Anzahl Wohnungen
0,Bezirk Bülach,Bau und Immobilien,"Wohnungen, Wohnbautätigkeit",Wohnungsbestand,140,Wohnungsbestand [Whg.],2004,54630,Whg.,Anzahl Wohnungen
0,Bezirk Bülach,Bau und Immobilien,"Wohnungen, Wohnbautätigkeit",Wohnungsbestand,140,Wohnungsbestand [Whg.],2005,55750,Whg.,Anzahl Wohnungen
0,Bezirk Bülach,Bau und Immobilien,"Wohnungen, Wohnbautätigkeit",Wohnungsbestand,140,Wohnungsbestand [Whg.],2006,56815,Whg.,Anzahl Wohnungen
0,Bezirk Bülach,Bau und Immobilien,"Wohnungen, Wohnbautätigkeit",Wohnungsbestand,140,Wohnungsbestand [Whg.],2007,57655,Whg.,Anzahl Wohnungen
0,Bezirk Bülach,Bau und Immobilien,"Wohnungen, Wohnbautätigkeit",Wohnungsbestand,140,Wohnungsbestand [Whg.],2008,59225,Whg.,Anzahl Wohnungen
0,Bezirk Bülach,Bau und Immobilien,"Wohnungen, Wohnbautätigkeit",Wohnungsbestand,140,Wohnungsbestand [Whg.],2009,60120,Whg.,Anzahl Wohnungen
0,Bezirk Bülach,Bau und Immobilien,"Wohnungen, Wohnbautätigkeit",Wohnungsbestand,140,Wohnungsbestand [Whg.],2010,62381,Whg.,Anzahl Wohnungen
0,Bezirk Bülach,Bau und Immobilien,"Wohnungen, Wohnbautätigkeit",Wohnungsbestand,140,Wohnungsbestand [Whg.],2011,62805,Whg.,Anzahl Wohnungen
0,Bezirk Bülach,Bau und Immobilien,"Wohnungen, Wohnbautätigkeit",Wohnungsbestand,140,Wohnungsbestand [Whg.],2012,63551,Whg.,Anzahl Wohnungen
0,Bezirk Bülach,Bau und Immobilien,"Wohnungen, Wohnbautätigkeit",Wohnungsbestand,140,Wohnungsbestand [Whg.],2013,64894,Whg.,Anzahl Wohnungen
0,Bezirk Dielsdorf,Bau und Immobilien,"Wohnungen, Wohnbautätigkeit",Wohnungsbestand,140,Wohnungsbestand [Whg.],1990,23628,Whg.,Anzahl Wohnungen
0,Bezirk Dielsdorf,Bau und Immobilien,"Wohnungen, Wohnbautätigkeit",Wohnungsbestand,140,Wohnungsbestand [Whg.],1991,23979,Whg.,Anzahl Wohnungen
0,Bezirk Dielsdorf,Bau und Immobilien,"Wohnungen, Wohnbautätigkeit",Wohnungsbestand,140,Wohnungsbestand [Whg.],1992,24432,Whg.,Anzahl Wohnungen
0,Bezirk Dielsdorf,Bau und Immobilien,"Wohnungen, Wohnbautätigkeit",Wohnungsbestand,140,Wohnungsbestand [Whg.],1993,24896,Whg.,Anzahl Wohnungen
0,Bezirk Dielsdorf,Bau und Immobilien,"Wohnungen, Wohnbautätigkeit",Wohnungsbestand,140,Wohnungsbestand [Whg.],1994,25563,Whg.,Anzahl Wohnungen
0,Bezirk Dielsdorf,Bau und Immobilien,"Wohnungen, Wohnbautätigkeit",Wohnungsbestand,140,Wohnungsbestand [Whg.],1995,26655,Whg.,Anzahl Wohnungen
0,Bezirk Dielsdorf,Bau und Immobilien,"Wohnungen, Wohnbautätigkeit",Wohnungsbestand,140,Wohnungsbestand [Whg.],1996,27368,Whg.,Anzahl Wohnungen
0,Bezirk Dielsdorf,Bau und Immobilien,"Wohnungen, Wohnbautätigkeit",Wohnungsbestand,140,Wohnungsbestand [Whg.],1997,27980,Whg.,Anzahl Wohnungen
0,Bezirk Dielsdorf,Bau und Immobilien,"Wohnungen, Wohnbautätigkeit",Wohnungsbestand,140,Wohnungsbestand [Whg.],1998,28799,Whg.,Anzahl Wohnungen
0,Bezirk Dielsdorf,Bau und Immobilien,"Wohnungen, Wohnbautätigkeit",Wohnungsbestand,140,Wohnungsbestand [Whg.],1999,29430,Whg.,Anzahl Wohnungen
0,Bezirk Dielsdorf,Bau und Immobilien,"Wohnungen, Wohnbautätigkeit",Wohnungsbestand,140,Wohnungsbestand [Whg.],2000,30058,Whg.,Anzahl Wohnungen
0,Bezirk Dielsdorf,Bau und Immobilien,"Wohnungen, Wohnbautätigkeit",Wohnungsbestand,140,Wohnungsbestand [Whg.],2001,30398,Whg.,Anzahl Wohnungen
0,Bezirk Dielsdorf,Bau und Immobilien,"Wohnungen, Wohnbautätigkeit",Wohnungsbestand,140,Wohnungsbestand [Whg.],2002,30794,Whg.,Anzahl Wohnungen
0,Bezirk Dielsdorf,Bau und Immobilien,"Wohnungen, Wohnbautätigkeit",Wohnungsbestand,140,Wohnungsbestand [Whg.],2003,31368,Whg.,Anzahl Wohnungen
0,Bezirk Dielsdorf,Bau und Immobilien,"Wohnungen, Wohnbautätigkeit",Wohnungsbestand,140,Wohnungsbestand [Whg.],2004,32095,Whg.,Anzahl Wohnungen
0,Bezirk Dielsdorf,Bau und Immobilien,"Wohnungen, Wohnbautätigkeit",Wohnungsbestand,140,Wohnungsbestand [Whg.],2005,32740,Whg.,Anzahl Wohnungen
0,Bezirk Dielsdorf,Bau und Immobilien,"Wohnungen, Wohnbautätigkeit",Wohnungsbestand,140,Wohnungsbestand [Whg.],2006,33270,Whg.,Anzahl Wohnungen
0,Bezirk Dielsdorf,Bau und Immobilien,"Wohnungen, Wohnbautätigkeit",Wohnungsbestand,140,Wohnungsbestand [Whg.],2007,33776,Whg.,Anzahl Wohnungen
0,Bezirk Dielsdorf,Bau und Immobilien,"Wohnungen, Wohnbautätigkeit",Wohnungsbestand,140,Wohnungsbestand [Whg.],2008,34246,Whg.,Anzahl Wohnungen
0,Bezirk Dielsdorf,Bau und Immobilien,"Wohnungen, Wohnbautätigkeit",Wohnungsbestand,140,Wohnungsbestand [Whg.],2009,34603,Whg.,Anzahl Wohnungen
0,Bezirk Dielsdorf,Bau und Immobilien,"Wohnungen, Wohnbautätigkeit",Wohnungsbestand,140,Wohnungsbestand [Whg.],2010,36053,Whg.,Anzahl Wohnungen
0,Bezirk Dielsdorf,Bau und Immobilien,"Wohnungen, Wohnbautätigkeit",Wohnungsbestand,140,Wohnungsbestand [Whg.],2011,36829,Whg.,Anzahl Wohnungen
0,Bezirk Dielsdorf,Bau und Immobilien,"Wohnungen, Wohnbautätigkeit",Wohnungsbestand,140,Wohnungsbestand [Whg.],2012,37248,Whg.,Anzahl Wohnungen
0,Bezirk Dielsdorf,Bau und Immobilien,"Wohnungen, Wohnbautätigkeit",Wohnungsbestand,140,Wohnungsbestand [Whg.],2013,38008,Whg.,Anzahl Wohnungen
0,Bezirk Dietikon,Bau und Immobilien,"Wohnungen, Wohnbautätigkeit",Wohnungsbestand,140,Wohnungsbestand [Whg.],1990,31296,Whg.,Anzahl Wohnungen
0,Bezirk Dietikon,Bau und Immobilien,"Wohnungen, Wohnbautätigkeit",Wohnungsbestand,140,Wohnungsbestand [Whg.],1991,31533,Whg.,Anzahl Wohnungen
0,Bezirk Dietikon,Bau und Immobilien,"Wohnungen, Wohnbautätigkeit",Wohnungsbestand,140,Wohnungsbestand [Whg.],1992,31748,Whg.,Anzahl Wohnungen
0,Bezirk Dietikon,Bau und Immobilien,"Wohnungen, Wohnbautätigkeit",Wohnungsbestand,140,Wohnungsbestand [Whg.],1993,32043,Whg.,Anzahl Wohnungen
0,Bezirk Dietikon,Bau und Immobilien,"Wohnungen, Wohnbautätigkeit",Wohnungsbestand,140,Wohnungsbestand [Whg.],1994,32288,Whg.,Anzahl Wohnungen
0,Bezirk Dietikon,Bau und Immobilien,"Wohnungen, Wohnbautätigkeit",Wohnungsbestand,140,Wohnungsbestand [Whg.],1995,32718,Whg.,Anzahl Wohnungen
0,Bezirk Dietikon,Bau und Immobilien,"Wohnungen, Wohnbautätigkeit",Wohnungsbestand,140,Wohnungsbestand [Whg.],1996,33031,Whg.,Anzahl Wohnungen
0,Bezirk Dietikon,Bau und Immobilien,"Wohnungen, Wohnbautätigkeit",Wohnungsbestand,140,Wohnungsbestand [Whg.],1997,33618,Whg.,Anzahl Wohnungen
0,Bezirk Dietikon,Bau und Immobilien,"Wohnungen, Wohnbautätigkeit",Wohnungsbestand,140,Wohnungsbestand [Whg.],1998,34045,Whg.,Anzahl Wohnungen
0,Bezirk Dietikon,Bau und Immobilien,"Wohnungen, Wohnbautätigkeit",Wohnungsbestand,140,Wohnungsbestand [Whg.],1999,34251,Whg.,Anzahl Wohnungen
0,Bezirk Dietikon,Bau und Immobilien,"Wohnungen, Wohnbautätigkeit",Wohnungsbestand,140,Wohnungsbestand [Whg.],2000,35061,Whg.,Anzahl Wohnungen
0,Bezirk Dietikon,Bau und Immobilien,"Wohnungen, Wohnbautätigkeit",Wohnungsbestand,140,Wohnungsbestand [Whg.],2001,35300,Whg.,Anzahl Wohnungen
0,Bezirk Dietikon,Bau und Immobilien,"Wohnungen, Wohnbautätigkeit",Wohnungsbestand,140,Wohnungsbestand [Whg.],2002,35444,Whg.,Anzahl Wohnungen
0,Bezirk Dietikon,Bau und Immobilien,"Wohnungen, Wohnbautätigkeit",Wohnungsbestand,140,Wohnungsbestand [Whg.],2003,35609,Whg.,Anzahl Wohnungen
0,Bezirk Dietikon,Bau und Immobilien,"Wohnungen, Wohnbautätigkeit",Wohnungsbestand,140,Wohnungsbestand [Whg.],2004,35974,Whg.,Anzahl Wohnungen
0,Bezirk Dietikon,Bau und Immobilien,"Wohnungen, Wohnbautätigkeit",Wohnungsbestand,140,Wohnungsbestand [Whg.],2005,36116,Whg.,Anzahl Wohnungen
0,Bezirk Dietikon,Bau und Immobilien,"Wohnungen, Wohnbautätigkeit",Wohnungsbestand,140,Wohnungsbestand [Whg.],2006,36368,Whg.,Anzahl Wohnungen
0,Bezirk Dietikon,Bau und Immobilien,"Wohnungen, Wohnbautätigkeit",Wohnungsbestand,140,Wohnungsbestand [Whg.],2007,36783,Whg.,Anzahl Wohnungen
0,Bezirk Dietikon,Bau und Immobilien,"Wohnungen, Wohnbautätigkeit",Wohnungsbestand,140,Wohnungsbestand [Whg.],2008,37236,Whg.,Anzahl Wohnungen
0,Bezirk Dietikon,Bau und Immobilien,"Wohnungen, Wohnbautätigkeit",Wohnungsbestand,140,Wohnungsbestand [Whg.],2009,37826,Whg.,Anzahl Wohnungen
0,Bezirk Dietikon,Bau und Immobilien,"Wohnungen, Wohnbautätigkeit",Wohnungsbestand,140,Wohnungsbestand [Whg.],2010,38753,Whg.,Anzahl Wohnungen
0,Bezirk Dietikon,Bau und Immobilien,"Wohnungen, Wohnbautätigkeit",Wohnungsbestand,140,Wohnungsbestand [Whg.],2011,39410,Whg.,Anzahl Wohnungen
0,Bezirk Dietikon,Bau und Immobilien,"Wohnungen, Wohnbautätigkeit",Wohnungsbestand,140,Wohnungsbestand [Whg.],2012,39845,Whg.,Anzahl Wohnungen
0,Bezirk Dietikon,Bau und Immobilien,"Wohnungen, Wohnbautätigkeit",Wohnungsbestand,140,Wohnungsbestand [Whg.],2013,40396,Whg.,Anzahl Wohnungen
0,Bezirk Hinwil,Bau und Immobilien,"Wohnungen, Wohnbautätigkeit",Wohnungsbestand,140,Wohnungsbestand [Whg.],1990,28065,Whg.,Anzahl Wohnungen
0,Bezirk Hinwil,Bau und Immobilien,"Wohnungen, Wohnbautätigkeit",Wohnungsbestand,140,Wohnungsbestand [Whg.],1991,28459,Whg.,Anzahl Wohnungen
0,Bezirk Hinwil,Bau und Immobilien,"Wohnungen, Wohnbautätigkeit",Wohnungsbestand,140,Wohnungsbestand [Whg.],1992,28897,Whg.,Anzahl Wohnungen
0,Bezirk Hinwil,Bau und Immobilien,"Wohnungen, Wohnbautätigkeit",Wohnungsbestand,140,Wohnungsbestand [Whg.],1993,29349,Whg.,Anzahl Wohnungen
0,Bezirk Hinwil,Bau und Immobilien,"Wohnungen, Wohnbautätigkeit",Wohnungsbestand,140,Wohnungsbestand [Whg.],1994,29809,Whg.,Anzahl Wohnungen
0,Bezirk Hinwil,Bau und Immobilien,"Wohnungen, Wohnbautätigkeit",Wohnungsbestand,140,Wohnungsbestand [Whg.],1995,30458,Whg.,Anzahl Wohnungen
0,Bezirk Hinwil,Bau und Immobilien,"Wohnungen, Wohnbautätigkeit",Wohnungsbestand,140,Wohnungsbestand [Whg.],1996,31063,Whg.,Anzahl Wohnungen
0,Bezirk Hinwil,Bau und Immobilien,"Wohnungen, Wohnbautätigkeit",Wohnungsbestand,140,Wohnungsbestand [Whg.],1997,31587,Whg.,Anzahl Wohnungen
0,Bezirk Hinwil,Bau und Immobilien,"Wohnungen, Wohnbautätigkeit",Wohnungsbestand,140,Wohnungsbestand [Whg.],1998,31996,Whg.,Anzahl Wohnungen
0,Bezirk Hinwil,Bau und Immobilien,"Wohnungen, Wohnbautätigkeit",Wohnungsbestand,140,Wohnungsbestand [Whg.],1999,32385,Whg.,Anzahl Wohnungen
0,Bezirk Hinwil,Bau und Immobilien,"Wohnungen, Wohnbautätigkeit",Wohnungsbestand,140,Wohnungsbestand [Whg.],2000,33763,Whg.,Anzahl Wohnungen
0,Bezirk Hinwil,Bau und Immobilien,"Wohnungen, Wohnbautätigkeit",Wohnungsbestand,140,Wohnungsbestand [Whg.],2001,34277,Whg.,Anzahl Wohnungen
0,Bezirk Hinwil,Bau und Immobilien,"Wohnungen, Wohnbautätigkeit",Wohnungsbestand,140,Wohnungsbestand [Whg.],2002,34853,Whg.,Anzahl Wohnungen
0,Bezirk Hinwil,Bau und Immobilien,"Wohnungen, Wohnbautätigkeit",Wohnungsbestand,140,Wohnungsbestand [Whg.],2003,35479,Whg.,Anzahl Wohnungen
0,Bezirk Hinwil,Bau und Immobilien,"Wohnungen, Wohnbautätigkeit",Wohnungsbestand,140,Wohnungsbestand [Whg.],2004,35982,Whg.,Anzahl Wohnungen
0,Bezirk Hinwil,Bau und Immobilien,"Wohnungen, Wohnbautätigkeit",Wohnungsbestand,140,Wohnungsbestand [Whg.],2005,36349,Whg.,Anzahl Wohnungen
0,Bezirk Hinwil,Bau und Immobilien,"Wohnungen, Wohnbautätigkeit",Wohnungsbestand,140,Wohnungsbestand [Whg.],2006,37052,Whg.,Anzahl Wohnungen
0,Bezirk Hinwil,Bau und Immobilien,"Wohnungen, Wohnbautätigkeit",Wohnungsbestand,140,Wohnungsbestand [Whg.],2007,37919,Whg.,Anzahl Wohnungen
0,Bezirk Hinwil,Bau und Immobilien,"Wohnungen, Wohnbautätigkeit",Wohnungsbestand,140,Wohnungsbestand [Whg.],2008,38413,Whg.,Anzahl Wohnungen
0,Bezirk Hinwil,Bau und Immobilien,"Wohnungen, Wohnbautätigkeit",Wohnungsbestand,140,Wohnungsbestand [Whg.],2009,38989,Whg.,Anzahl Wohnungen
0,Bezirk Hinwil,Bau und Immobilien,"Wohnungen, Wohnbautätigkeit",Wohnungsbestand,140,Wohnungsbestand [Whg.],2010,40151,Whg.,Anzahl Wohnungen
0,Bezirk Hinwil,Bau und Immobilien,"Wohnungen, Wohnbautätigkeit",Wohnungsbestand,140,Wohnungsbestand [Whg.],2011,40738,Whg.,Anzahl Wohnungen
0,Bezirk Hinwil,Bau und Immobilien,"Wohnungen, Wohnbautätigkeit",Wohnungsbestand,140,Wohnungsbestand [Whg.],2012,41280,Whg.,Anzahl Wohnungen
0,Bezirk Hinwil,Bau und Immobilien,"Wohnungen, Wohnbautätigkeit",Wohnungsbestand,140,Wohnungsbestand [Whg.],2013,41896,Whg.,Anzahl Wohnungen
0,Bezirk Horgen,Bau und Immobilien,"Wohnungen, Wohnbautätigkeit",Wohnungsbestand,140,Wohnungsbestand [Whg.],1990,45937,Whg.,Anzahl Wohnungen
0,Bezirk Horgen,Bau und Immobilien,"Wohnungen, Wohnbautätigkeit",Wohnungsbestand,140,Wohnungsbestand [Whg.],1991,46269,Whg.,Anzahl Wohnungen
0,Bezirk Horgen,Bau und Immobilien,"Wohnungen, Wohnbautätigkeit",Wohnungsbestand,140,Wohnungsbestand [Whg.],1992,46640,Whg.,Anzahl Wohnungen
0,Bezirk Horgen,Bau und Immobilien,"Wohnungen, Wohnbautätigkeit",Wohnungsbestand,140,Wohnungsbestand [Whg.],1993,46881,Whg.,Anzahl Wohnungen
0,Bezirk Horgen,Bau und Immobilien,"Wohnungen, Wohnbautätigkeit",Wohnungsbestand,140,Wohnungsbestand [Whg.],1994,47394,Whg.,Anzahl Wohnungen
0,Bezirk Horgen,Bau und Immobilien,"Wohnungen, Wohnbautätigkeit",Wohnungsbestand,140,Wohnungsbestand [Whg.],1995,47778,Whg.,Anzahl Wohnungen
0,Bezirk Horgen,Bau und Immobilien,"Wohnungen, Wohnbautätigkeit",Wohnungsbestand,140,Wohnungsbestand [Whg.],1996,48501,Whg.,Anzahl Wohnungen
0,Bezirk Horgen,Bau und Immobilien,"Wohnungen, Wohnbautätigkeit",Wohnungsbestand,140,Wohnungsbestand [Whg.],1997,48828,Whg.,Anzahl Wohnungen
0,Bezirk Horgen,Bau und Immobilien,"Wohnungen, Wohnbautätigkeit",Wohnungsbestand,140,Wohnungsbestand [Whg.],1998,49621,Whg.,Anzahl Wohnungen
0,Bezirk Horgen,Bau und Immobilien,"Wohnungen, Wohnbautätigkeit",Wohnungsbestand,140,Wohnungsbestand [Whg.],1999,50134,Whg.,Anzahl Wohnungen
0,Bezirk Horgen,Bau und Immobilien,"Wohnungen, Wohnbautätigkeit",Wohnungsbestand,140,Wohnungsbestand [Whg.],2000,51209,Whg.,Anzahl Wohnungen
0,Bezirk Horgen,Bau und Immobilien,"Wohnungen, Wohnbautätigkeit",Wohnungsbestand,140,Wohnungsbestand [Whg.],2001,51478,Whg.,Anzahl Wohnungen
0,Bezirk Horgen,Bau und Immobilien,"Wohnungen, Wohnbautätigkeit",Wohnungsbestand,140,Wohnungsbestand [Whg.],2002,51925,Whg.,Anzahl Wohnungen
0,Bezirk Horgen,Bau und Immobilien,"Wohnungen, Wohnbautätigkeit",Wohnungsbestand,140,Wohnungsbestand [Whg.],2003,52355,Whg.,Anzahl Wohnungen
0,Bezirk Horgen,Bau und Immobilien,"Wohnungen, Wohnbautätigkeit",Wohnungsbestand,140,Wohnungsbestand [Whg.],2004,52976,Whg.,Anzahl Wohnungen
0,Bezirk Horgen,Bau und Immobilien,"Wohnungen, Wohnbautätigkeit",Wohnungsbestand,140,Wohnungsbestand [Whg.],2005,53317,Whg.,Anzahl Wohnungen
0,Bezirk Horgen,Bau und Immobilien,"Wohnungen, Wohnbautätigkeit",Wohnungsbestand,140,Wohnungsbestand [Whg.],2006,53814,Whg.,Anzahl Wohnungen
0,Bezirk Horgen,Bau und Immobilien,"Wohnungen, Wohnbautätigkeit",Wohnungsbestand,140,Wohnungsbestand [Whg.],2007,54209,Whg.,Anzahl Wohnungen
0,Bezirk Horgen,Bau und Immobilien,"Wohnungen, Wohnbautätigkeit",Wohnungsbestand,140,Wohnungsbestand [Whg.],2008,54909,Whg.,Anzahl Wohnungen
0,Bezirk Horgen,Bau und Immobilien,"Wohnungen, Wohnbautätigkeit",Wohnungsbestand,140,Wohnungsbestand [Whg.],2009,55356,Whg.,Anzahl Wohnungen
0,Bezirk Horgen,Bau und Immobilien,"Wohnungen, Wohnbautätigkeit",Wohnungsbestand,140,Wohnungsbestand [Whg.],2010,56329,Whg.,Anzahl Wohnungen
0,Bezirk Horgen,Bau und Immobilien,"Wohnungen, Wohnbautätigkeit",Wohnungsbestand,140,Wohnungsbestand [Whg.],2011,57551,Whg.,Anzahl Wohnungen
0,Bezirk Horgen,Bau und Immobilien,"Wohnungen, Wohnbautätigkeit",Wohnungsbestand,140,Wohnungsbestand [Whg.],2012,58006,Whg.,Anzahl Wohnungen
0,Bezirk Horgen,Bau und Immobilien,"Wohnungen, Wohnbautätigkeit",Wohnungsbestand,140,Wohnungsbestand [Whg.],2013,58728,Whg.,Anzahl Wohnungen
0,Bezirk Meilen,Bau und Immobilien,"Wohnungen, Wohnbautätigkeit",Wohnungsbestand,140,Wohnungsbestand [Whg.],1990,34707,Whg.,Anzahl Wohnungen
0,Bezirk Meilen,Bau und Immobilien,"Wohnungen, Wohnbautätigkeit",Wohnungsbestand,140,Wohnungsbestand [Whg.],1991,35050,Whg.,Anzahl Wohnungen
0,Bezirk Meilen,Bau und Immobilien,"Wohnungen, Wohnbautätigkeit",Wohnungsbestand,140,Wohnungsbestand [Whg.],1992,35286,Whg.,Anzahl Wohnungen
0,Bezirk Meilen,Bau und Immobilien,"Wohnungen, Wohnbautätigkeit",Wohnungsbestand,140,Wohnungsbestand [Whg.],1993,35694,Whg.,Anzahl Wohnungen
0,Bezirk Meilen,Bau und Immobilien,"Wohnungen, Wohnbautätigkeit",Wohnungsbestand,140,Wohnungsbestand [Whg.],1994,36312,Whg.,Anzahl Wohnungen
0,Bezirk Meilen,Bau und Immobilien,"Wohnungen, Wohnbautätigkeit",Wohnungsbestand,140,Wohnungsbestand [Whg.],1995,36903,Whg.,Anzahl Wohnungen
0,Bezirk Meilen,Bau und Immobilien,"Wohnungen, Wohnbautätigkeit",Wohnungsbestand,140,Wohnungsbestand [Whg.],1996,37435,Whg.,Anzahl Wohnungen
0,Bezirk Meilen,Bau und Immobilien,"Wohnungen, Wohnbautätigkeit",Wohnungsbestand,140,Wohnungsbestand [Whg.],1997,38118,Whg.,Anzahl Wohnungen
0,Bezirk Meilen,Bau und Immobilien,"Wohnungen, Wohnbautätigkeit",Wohnungsbestand,140,Wohnungsbestand [Whg.],1998,38671,Whg.,Anzahl Wohnungen
0,Bezirk Meilen,Bau und Immobilien,"Wohnungen, Wohnbautätigkeit",Wohnungsbestand,140,Wohnungsbestand [Whg.],1999,39508,Whg.,Anzahl Wohnungen
0,Bezirk Meilen,Bau und Immobilien,"Wohnungen, Wohnbautätigkeit",Wohnungsbestand,140,Wohnungsbestand [Whg.],2000,40907,Whg.,Anzahl Wohnungen
0,Bezirk Meilen,Bau und Immobilien,"Wohnungen, Wohnbautätigkeit",Wohnungsbestand,140,Wohnungsbestand [Whg.],2001,41411,Whg.,Anzahl Wohnungen
0,Bezirk Meilen,Bau und Immobilien,"Wohnungen, Wohnbautätigkeit",Wohnungsbestand,140,Wohnungsbestand [Whg.],2002,42369,Whg.,Anzahl Wohnungen
0,Bezirk Meilen,Bau und Immobilien,"Wohnungen, Wohnbautätigkeit",Wohnungsbestand,140,Wohnungsbestand [Whg.],2003,43104,Whg.,Anzahl Wohnungen
0,Bezirk Meilen,Bau und Immobilien,"Wohnungen, Wohnbautätigkeit",Wohnungsbestand,140,Wohnungsbestand [Whg.],2004,43669,Whg.,Anzahl Wohnungen
0,Bezirk Meilen,Bau und Immobilien,"Wohnungen, Wohnbautätigkeit",Wohnungsbestand,140,Wohnungsbestand [Whg.],2005,44192,Whg.,Anzahl Wohnungen
0,Bezirk Meilen,Bau und Immobilien,"Wohnungen, Wohnbautätigkeit",Wohnungsbestand,140,Wohnungsbestand [Whg.],2006,44676,Whg.,Anzahl Wohnungen
0,Bezirk Meilen,Bau und Immobilien,"Wohnungen, Wohnbautätigkeit",Wohnungsbestand,140,Wohnungsbestand [Whg.],2007,45356,Whg.,Anzahl Wohnungen
0,Bezirk Meilen,Bau und Immobilien,"Wohnungen, Wohnbautätigkeit",Wohnungsbestand,140,Wohnungsbestand [Whg.],2008,45645,Whg.,Anzahl Wohnungen
0,Bezirk Meilen,Bau und Immobilien,"Wohnungen, Wohnbautätigkeit",Wohnungsbestand,140,Wohnungsbestand [Whg.],2009,45938,Whg.,Anzahl Wohnungen
0,Bezirk Meilen,Bau und Immobilien,"Wohnungen, Wohnbautätigkeit",Wohnungsbestand,140,Wohnungsbestand [Whg.],2010,47241,Whg.,Anzahl Wohnungen
0,Bezirk Meilen,Bau und Immobilien,"Wohnungen, Wohnbautätigkeit",Wohnungsbestand,140,Wohnungsbestand [Whg.],2011,47597,Whg.,Anzahl Wohnungen
0,Bezirk Meilen,Bau und Immobilien,"Wohnungen, Wohnbautätigkeit",Wohnungsbestand,140,Wohnungsbestand [Whg.],2012,47854,Whg.,Anzahl Wohnungen
0,Bezirk Meilen,Bau und Immobilien,"Wohnungen, Wohnbautätigkeit",Wohnungsbestand,140,Wohnungsbestand [Whg.],2013,48468,Whg.,Anzahl Wohnungen
0,Bezirk Pfäffikon,Bau und Immobilien,"Wohnungen, Wohnbautätigkeit",Wohnungsbestand,140,Wohnungsbestand [Whg.],1990,18022,Whg.,Anzahl Wohnungen
0,Bezirk Pfäffikon,Bau und Immobilien,"Wohnungen, Wohnbautätigkeit",Wohnungsbestand,140,Wohnungsbestand [Whg.],1991,18277,Whg.,Anzahl Wohnungen
0,Bezirk Pfäffikon,Bau und Immobilien,"Wohnungen, Wohnbautätigkeit",Wohnungsbestand,140,Wohnungsbestand [Whg.],1992,18545,Whg.,Anzahl Wohnungen
0,Bezirk Pfäffikon,Bau und Immobilien,"Wohnungen, Wohnbautätigkeit",Wohnungsbestand,140,Wohnungsbestand [Whg.],1993,18857,Whg.,Anzahl Wohnungen
0,Bezirk Pfäffikon,Bau und Immobilien,"Wohnungen, Wohnbautätigkeit",Wohnungsbestand,140,Wohnungsbestand [Whg.],1994,19282,Whg.,Anzahl Wohnungen
0,Bezirk Pfäffikon,Bau und Immobilien,"Wohnungen, Wohnbautätigkeit",Wohnungsbestand,140,Wohnungsbestand [Whg.],1995,19831,Whg.,Anzahl Wohnungen
0,Bezirk Pfäffikon,Bau und Immobilien,"Wohnungen, Wohnbautätigkeit",Wohnungsbestand,140,Wohnungsbestand [Whg.],1996,20163,Whg.,Anzahl Wohnungen
0,Bezirk Pfäffikon,Bau und Immobilien,"Wohnungen, Wohnbautätigkeit",Wohnungsbestand,140,Wohnungsbestand [Whg.],1997,20453,Whg.,Anzahl Wohnungen
0,Bezirk Pfäffikon,Bau und Immobilien,"Wohnungen, Wohnbautätigkeit",Wohnungsbestand,140,Wohnungsbestand [Whg.],1998,20779,Whg.,Anzahl Wohnungen
0,Bezirk Pfäffikon,Bau und Immobilien,"Wohnungen, Wohnbautätigkeit",Wohnungsbestand,140,Wohnungsbestand [Whg.],1999,21063,Whg.,Anzahl Wohnungen
0,Bezirk Pfäffikon,Bau und Immobilien,"Wohnungen, Wohnbautätigkeit",Wohnungsbestand,140,Wohnungsbestand [Whg.],2000,21692,Whg.,Anzahl Wohnungen
0,Bezirk Pfäffikon,Bau und Immobilien,"Wohnungen, Wohnbautätigkeit",Wohnungsbestand,140,Wohnungsbestand [Whg.],2001,22089,Whg.,Anzahl Wohnungen
0,Bezirk Pfäffikon,Bau und Immobilien,"Wohnungen, Wohnbautätigkeit",Wohnungsbestand,140,Wohnungsbestand [Whg.],2002,22306,Whg.,Anzahl Wohnungen
0,Bezirk Pfäffikon,Bau und Immobilien,"Wohnungen, Wohnbautätigkeit",Wohnungsbestand,140,Wohnungsbestand [Whg.],2003,22570,Whg.,Anzahl Wohnungen
0,Bezirk Pfäffikon,Bau und Immobilien,"Wohnungen, Wohnbautätigkeit",Wohnungsbestand,140,Wohnungsbestand [Whg.],2004,23021,Whg.,Anzahl Wohnungen
0,Bezirk Pfäffikon,Bau und Immobilien,"Wohnungen, Wohnbautätigkeit",Wohnungsbestand,140,Wohnungsbestand [Whg.],2005,23300,Whg.,Anzahl Wohnungen
0,Bezirk Pfäffikon,Bau und Immobilien,"Wohnungen, Wohnbautätigkeit",Wohnungsbestand,140,Wohnungsbestand [Whg.],2006,23710,Whg.,Anzahl Wohnungen
0,Bezirk Pfäffikon,Bau und Immobilien,"Wohnungen, Wohnbautätigkeit",Wohnungsbestand,140,Wohnungsbestand [Whg.],2007,24055,Whg.,Anzahl Wohnungen
0,Bezirk Pfäffikon,Bau und Immobilien,"Wohnungen, Wohnbautätigkeit",Wohnungsbestand,140,Wohnungsbestand [Whg.],2008,24314,Whg.,Anzahl Wohnungen
0,Bezirk Pfäffikon,Bau und Immobilien,"Wohnungen, Wohnbautätigkeit",Wohnungsbestand,140,Wohnungsbestand [Whg.],2009,24558,Whg.,Anzahl Wohnungen
0,Bezirk Pfäffikon,Bau und Immobilien,"Wohnungen, Wohnbautätigkeit",Wohnungsbestand,140,Wohnungsbestand [Whg.],2010,25576,Whg.,Anzahl Wohnungen
0,Bezirk Pfäffikon,Bau und Immobilien,"Wohnungen, Wohnbautätigkeit",Wohnungsbestand,140,Wohnungsbestand [Whg.],2011,26140,Whg.,Anzahl Wohnungen
0,Bezirk Pfäffikon,Bau und Immobilien,"Wohnungen, Wohnbautätigkeit",Wohnungsbestand,140,Wohnungsbestand [Whg.],2012,26376,Whg.,Anzahl Wohnungen
0,Bezirk Pfäffikon,Bau und Immobilien,"Wohnungen, Wohnbautätigkeit",Wohnungsbestand,140,Wohnungsbestand [Whg.],2013,26690,Whg.,Anzahl Wohnungen
0,Bezirk Uster,Bau und Immobilien,"Wohnungen, Wohnbautätigkeit",Wohnungsbestand,140,Wohnungsbestand [Whg.],1990,39658,Whg.,Anzahl Wohnungen
0,Bezirk Uster,Bau und Immobilien,"Wohnungen, Wohnbautätigkeit",Wohnungsbestand,140,Wohnungsbestand [Whg.],1991,40035,Whg.,Anzahl Wohnungen
0,Bezirk Uster,Bau und Immobilien,"Wohnungen, Wohnbautätigkeit",Wohnungsbestand,140,Wohnungsbestand [Whg.],1992,40812,Whg.,Anzahl Wohnungen
0,Bezirk Uster,Bau und Immobilien,"Wohnungen, Wohnbautätigkeit",Wohnungsbestand,140,Wohnungsbestand [Whg.],1993,41437,Whg.,Anzahl Wohnungen
0,Bezirk Uster,Bau und Immobilien,"Wohnungen, Wohnbautätigkeit",Wohnungsbestand,140,Wohnungsbestand [Whg.],1994,42514,Whg.,Anzahl Wohnungen
0,Bezirk Uster,Bau und Immobilien,"Wohnungen, Wohnbautätigkeit",Wohnungsbestand,140,Wohnungsbestand [Whg.],1995,43621,Whg.,Anzahl Wohnungen
0,Bezirk Uster,Bau und Immobilien,"Wohnungen, Wohnbautätigkeit",Wohnungsbestand,140,Wohnungsbestand [Whg.],1996,44758,Whg.,Anzahl Wohnungen
0,Bezirk Uster,Bau und Immobilien,"Wohnungen, Wohnbautätigkeit",Wohnungsbestand,140,Wohnungsbestand [Whg.],1997,45578,Whg.,Anzahl Wohnungen
0,Bezirk Uster,Bau und Immobilien,"Wohnungen, Wohnbautätigkeit",Wohnungsbestand,140,Wohnungsbestand [Whg.],1998,46338,Whg.,Anzahl Wohnungen
0,Bezirk Uster,Bau und Immobilien,"Wohnungen, Wohnbautätigkeit",Wohnungsbestand,140,Wohnungsbestand [Whg.],1999,47248,Whg.,Anzahl Wohnungen
0,Bezirk Uster,Bau und Immobilien,"Wohnungen, Wohnbautätigkeit",Wohnungsbestand,140,Wohnungsbestand [Whg.],2000,48465,Whg.,Anzahl Wohnungen
0,Bezirk Uster,Bau und Immobilien,"Wohnungen, Wohnbautätigkeit",Wohnungsbestand,140,Wohnungsbestand [Whg.],2001,49152,Whg.,Anzahl Wohnungen
0,Bezirk Uster,Bau und Immobilien,"Wohnungen, Wohnbautätigkeit",Wohnungsbestand,140,Wohnungsbestand [Whg.],2002,49833,Whg.,Anzahl Wohnungen
0,Bezirk Uster,Bau und Immobilien,"Wohnungen, Wohnbautätigkeit",Wohnungsbestand,140,Wohnungsbestand [Whg.],2003,50434,Whg.,Anzahl Wohnungen
0,Bezirk Uster,Bau und Immobilien,"Wohnungen, Wohnbautätigkeit",Wohnungsbestand,140,Wohnungsbestand [Whg.],2004,51420,Whg.,Anzahl Wohnungen
0,Bezirk Uster,Bau und Immobilien,"Wohnungen, Wohnbautätigkeit",Wohnungsbestand,140,Wohnungsbestand [Whg.],2005,52197,Whg.,Anzahl Wohnungen
0,Bezirk Uster,Bau und Immobilien,"Wohnungen, Wohnbautätigkeit",Wohnungsbestand,140,Wohnungsbestand [Whg.],2006,52979,Whg.,Anzahl Wohnungen
0,Bezirk Uster,Bau und Immobilien,"Wohnungen, Wohnbautätigkeit",Wohnungsbestand,140,Wohnungsbestand [Whg.],2007,53896,Whg.,Anzahl Wohnungen
0,Bezirk Uster,Bau und Immobilien,"Wohnungen, Wohnbautätigkeit",Wohnungsbestand,140,Wohnungsbestand [Whg.],2008,54740,Whg.,Anzahl Wohnungen
0,Bezirk Uster,Bau und Immobilien,"Wohnungen, Wohnbautätigkeit",Wohnungsbestand,140,Wohnungsbestand [Whg.],2009,55324,Whg.,Anzahl Wohnungen
0,Bezirk Uster,Bau und Immobilien,"Wohnungen, Wohnbautätigkeit",Wohnungsbestand,140,Wohnungsbestand [Whg.],2010,56864,Whg.,Anzahl Wohnungen
0,Bezirk Uster,Bau und Immobilien,"Wohnungen, Wohnbautätigkeit",Wohnungsbestand,140,Wohnungsbestand [Whg.],2011,57137,Whg.,Anzahl Wohnungen
0,Bezirk Uster,Bau und Immobilien,"Wohnungen, Wohnbautätigkeit",Wohnungsbestand,140,Wohnungsbestand [Whg.],2012,57532,Whg.,Anzahl Wohnungen
0,Bezirk Uster,Bau und Immobilien,"Wohnungen, Wohnbautätigkeit",Wohnungsbestand,140,Wohnungsbestand [Whg.],2013,58396,Whg.,Anzahl Wohnungen
0,Bezirk Winterthur,Bau und Immobilien,"Wohnungen, Wohnbautätigkeit",Wohnungsbestand,140,Wohnungsbestand [Whg.],1990,54626,Whg.,Anzahl Wohnungen
0,Bezirk Winterthur,Bau und Immobilien,"Wohnungen, Wohnbautätigkeit",Wohnungsbestand,140,Wohnungsbestand [Whg.],1991,55130,Whg.,Anzahl Wohnungen
0,Bezirk Winterthur,Bau und Immobilien,"Wohnungen, Wohnbautätigkeit",Wohnungsbestand,140,Wohnungsbestand [Whg.],1992,55545,Whg.,Anzahl Wohnungen
0,Bezirk Winterthur,Bau und Immobilien,"Wohnungen, Wohnbautätigkeit",Wohnungsbestand,140,Wohnungsbestand [Whg.],1993,56139,Whg.,Anzahl Wohnungen
0,Bezirk Winterthur,Bau und Immobilien,"Wohnungen, Wohnbautätigkeit",Wohnungsbestand,140,Wohnungsbestand [Whg.],1994,57065,Whg.,Anzahl Wohnungen
0,Bezirk Winterthur,Bau und Immobilien,"Wohnungen, Wohnbautätigkeit",Wohnungsbestand,140,Wohnungsbestand [Whg.],1995,58169,Whg.,Anzahl Wohnungen
0,Bezirk Winterthur,Bau und Immobilien,"Wohnungen, Wohnbautätigkeit",Wohnungsbestand,140,Wohnungsbestand [Whg.],1996,59164,Whg.,Anzahl Wohnungen
0,Bezirk Winterthur,Bau und Immobilien,"Wohnungen, Wohnbautätigkeit",Wohnungsbestand,140,Wohnungsbestand [Whg.],1997,59991,Whg.,Anzahl Wohnungen
0,Bezirk Winterthur,Bau und Immobilien,"Wohnungen, Wohnbautätigkeit",Wohnungsbestand,140,Wohnungsbestand [Whg.],1998,60934,Whg.,Anzahl Wohnungen
0,Bezirk Winterthur,Bau und Immobilien,"Wohnungen, Wohnbautätigkeit",Wohnungsbestand,140,Wohnungsbestand [Whg.],1999,61923,Whg.,Anzahl Wohnungen
0,Bezirk Winterthur,Bau und Immobilien,"Wohnungen, Wohnbautätigkeit",Wohnungsbestand,140,Wohnungsbestand [Whg.],2000,63179,Whg.,Anzahl Wohnungen
0,Bezirk Winterthur,Bau und Immobilien,"Wohnungen, Wohnbautätigkeit",Wohnungsbestand,140,Wohnungsbestand [Whg.],2001,63796,Whg.,Anzahl Wohnungen
0,Bezirk Winterthur,Bau und Immobilien,"Wohnungen, Wohnbautätigkeit",Wohnungsbestand,140,Wohnungsbestand [Whg.],2002,64287,Whg.,Anzahl Wohnungen
0,Bezirk Winterthur,Bau und Immobilien,"Wohnungen, Wohnbautätigkeit",Wohnungsbestand,140,Wohnungsbestand [Whg.],2003,65723,Whg.,Anzahl Wohnungen
0,Bezirk Winterthur,Bau und Immobilien,"Wohnungen, Wohnbautätigkeit",Wohnungsbestand,140,Wohnungsbestand [Whg.],2004,66592,Whg.,Anzahl Wohnungen
0,Bezirk Winterthur,Bau und Immobilien,"Wohnungen, Wohnbautätigkeit",Wohnungsbestand,140,Wohnungsbestand [Whg.],2005,67098,Whg.,Anzahl Wohnungen
0,Bezirk Winterthur,Bau und Immobilien,"Wohnungen, Wohnbautätigkeit",Wohnungsbestand,140,Wohnungsbestand [Whg.],2006,67973,Whg.,Anzahl Wohnungen
0,Bezirk Winterthur,Bau und Immobilien,"Wohnungen, Wohnbautätigkeit",Wohnungsbestand,140,Wohnungsbestand [Whg.],2007,68891,Whg.,Anzahl Wohnungen
0,Bezirk Winterthur,Bau und Immobilien,"Wohnungen, Wohnbautätigkeit",Wohnungsbestand,140,Wohnungsbestand [Whg.],2008,69972,Whg.,Anzahl Wohnungen
0,Bezirk Winterthur,Bau und Immobilien,"Wohnungen, Wohnbautätigkeit",Wohnungsbestand,140,Wohnungsbestand [Whg.],2009,70762,Whg.,Anzahl Wohnungen
0,Bezirk Winterthur,Bau und Immobilien,"Wohnungen, Wohnbautätigkeit",Wohnungsbestand,140,Wohnungsbestand [Whg.],2010,73574,Whg.,Anzahl Wohnungen
0,Bezirk Winterthur,Bau und Immobilien,"Wohnungen, Wohnbautätigkeit",Wohnungsbestand,140,Wohnungsbestand [Whg.],2011,74190,Whg.,Anzahl Wohnungen
0,Bezirk Winterthur,Bau und Immobilien,"Wohnungen, Wohnbautätigkeit",Wohnungsbestand,140,Wohnungsbestand [Whg.],2012,74638,Whg.,Anzahl Wohnungen
0,Bezirk Winterthur,Bau und Immobilien,"Wohnungen, Wohnbautätigkeit",Wohnungsbestand,140,Wohnungsbestand [Whg.],2013,75641,Whg.,Anzahl Wohnungen
0,Bezirk Zürich,Bau und Immobilien,"Wohnungen, Wohnbautätigkeit",Wohnungsbestand,140,Wohnungsbestand [Whg.],1990,188036,Whg.,Anzahl Wohnungen
0,Bezirk Zürich,Bau und Immobilien,"Wohnungen, Wohnbautätigkeit",Wohnungsbestand,140,Wohnungsbestand [Whg.],1991,189067,Whg.,Anzahl Wohnungen
0,Bezirk Zürich,Bau und Immobilien,"Wohnungen, Wohnbautätigkeit",Wohnungsbestand,140,Wohnungsbestand [Whg.],1992,189663,Whg.,Anzahl Wohnungen
0,Bezirk Zürich,Bau und Immobilien,"Wohnungen, Wohnbautätigkeit",Wohnungsbestand,140,Wohnungsbestand [Whg.],1993,190584,Whg.,Anzahl Wohnungen
0,Bezirk Zürich,Bau und Immobilien,"Wohnungen, Wohnbautätigkeit",Wohnungsbestand,140,Wohnungsbestand [Whg.],1994,191155,Whg.,Anzahl Wohnungen
0,Bezirk Zürich,Bau und Immobilien,"Wohnungen, Wohnbautätigkeit",Wohnungsbestand,140,Wohnungsbestand [Whg.],1995,191814,Whg.,Anzahl Wohnungen
0,Bezirk Zürich,Bau und Immobilien,"Wohnungen, Wohnbautätigkeit",Wohnungsbestand,140,Wohnungsbestand [Whg.],1996,192622,Whg.,Anzahl Wohnungen
0,Bezirk Zürich,Bau und Immobilien,"Wohnungen, Wohnbautätigkeit",Wohnungsbestand,140,Wohnungsbestand [Whg.],1997,193264,Whg.,Anzahl Wohnungen
0,Bezirk Zürich,Bau und Immobilien,"Wohnungen, Wohnbautätigkeit",Wohnungsbestand,140,Wohnungsbestand [Whg.],1998,193846,Whg.,Anzahl Wohnungen
0,Bezirk Zürich,Bau und Immobilien,"Wohnungen, Wohnbautätigkeit",Wohnungsbestand,140,Wohnungsbestand [Whg.],1999,194608,Whg.,Anzahl Wohnungen
0,Bezirk Zürich,Bau und Immobilien,"Wohnungen, Wohnbautätigkeit",Wohnungsbestand,140,Wohnungsbestand [Whg.],2000,197238,Whg.,Anzahl Wohnungen
0,Bezirk Zürich,Bau und Immobilien,"Wohnungen, Wohnbautätigkeit",Wohnungsbestand,140,Wohnungsbestand [Whg.],2001,198203,Whg.,Anzahl Wohnungen
0,Bezirk Zürich,Bau und Immobilien,"Wohnungen, Wohnbautätigkeit",Wohnungsbestand,140,Wohnungsbestand [Whg.],2002,198930,Whg.,Anzahl Wohnungen
0,Bezirk Zürich,Bau und Immobilien,"Wohnungen, Wohnbautätigkeit",Wohnungsbestand,140,Wohnungsbestand [Whg.],2003,200385,Whg.,Anzahl Wohnungen
0,Bezirk Zürich,Bau und Immobilien,"Wohnungen, Wohnbautätigkeit",Wohnungsbestand,140,Wohnungsbestand [Whg.],2004,200956,Whg.,Anzahl Wohnungen
0,Bezirk Zürich,Bau und Immobilien,"Wohnungen, Wohnbautätigkeit",Wohnungsbestand,140,Wohnungsbestand [Whg.],2005,201841,Whg.,Anzahl Wohnungen
0,Bezirk Zürich,Bau und Immobilien,"Wohnungen, Wohnbautätigkeit",Wohnungsbestand,140,Wohnungsbestand [Whg.],2006,203384,Whg.,Anzahl Wohnungen
0,Bezirk Zürich,Bau und Immobilien,"Wohnungen, Wohnbautätigkeit",Wohnungsbestand,140,Wohnungsbestand [Whg.],2007,205182,Whg.,Anzahl Wohnungen
0,Bezirk Zürich,Bau und Immobilien,"Wohnungen, Wohnbautätigkeit",Wohnungsbestand,140,Wohnungsbestand [Whg.],2008,205950,Whg.,Anzahl Wohnungen
0,Bezirk Zürich,Bau und Immobilien,"Wohnungen, Wohnbautätigkeit",Wohnungsbestand,140,Wohnungsbestand [Whg.],2009,206759,Whg.,Anzahl Wohnungen
0,Bezirk Zürich,Bau und Immobilien,"Wohnungen, Wohnbautätigkeit",Wohnungsbestand,140,Wohnungsbestand [Whg.],2010,208090,Whg.,Anzahl Wohnungen
0,Bezirk Zürich,Bau und Immobilien,"Wohnungen, Wohnbautätigkeit",Wohnungsbestand,140,Wohnungsbestand [Whg.],2011,209701,Whg.,Anzahl Wohnungen
0,Bezirk Zürich,Bau und Immobilien,"Wohnungen, Wohnbautätigkeit",Wohnungsbestand,140,Wohnungsbestand [Whg.],2012,211942,Whg.,Anzahl Wohnungen
0,Bezirk Zürich,Bau und Immobilien,"Wohnungen, Wohnbautätigkeit",Wohnungsbestand,140,Wohnungsbestand [Whg.],2013,214470,Whg.,Anzahl Wohnungen
